The Things We Do for Love,10CC,THINGS WE DO FOR LOVE,10CC,/media/larry/data/music/tabs/The Things We Do For Love.pdf,2018-09-22 20:01:46
Hold On Loosely,38 Special,HOLD ON LOOSELY,38 SPECIAL,/media/larry/data/music/tabs/Hold On Loosely.pdf,2018-09-22 20:01:38
Knowing Me Knowing You,ABBA,KNOWING ME KNOWING YOU,ABBA,/media/larry/data/music/tabs/Knowing Me Knowing You.pdf,2018-09-22 20:01:42
Set Fire to the Rain,Adele,SET FIRE TO THE RAIN,ADELE,/media/larry/data/music/tabs/Set Fire to the Rain.pdf,2018-09-22 20:01:45
Dream On,Aerosmith,DREAM ON,AEROSMITH,/media/larry/data/music/tabs/Dream On.pdf,2018-09-22 20:01:36
Blue Sky,The Allman Brothers,BLUE SKY,ALLMAN BROTHERS,/media/larry/data/music/tabs/Blue Sky.pdf,2018-09-22 20:01:34
Jessica,The Allman Brothers,JESSICA,ALLMAN BROTHERS,/media/larry/data/music/tabs/Jessica.pdf,2018-09-22 20:01:41
Melissa,The Allman Brothers,MELISSA,ALLMAN BROTHERS,/media/larry/data/music/tabs/Melissa.pdf,2018-09-22 20:01:43
Forever Young (Alphaville),Alphaville,FOREVER YOUNG _ALPHAVILLE_,ALPHAVILLE,/media/larry/data/music/tabs/Forever Young _Alphaville_.pdf,2018-09-22 20:01:37
A Horse With No Name,America,A HORSE WITH NO NAME,AMERICA,/media/larry/data/music/tabs/A Horse With No Name.pdf,2018-09-22 20:01:33
I Need You,America,I NEED YOU,AMERICA,/media/larry/data/music/tabs/I Need You.pdf,2018-09-22 20:01:39
Lonely People,America,LONELY PEOPLE,AMERICA,/media/larry/data/music/tabs/Lonely People.pdf,2018-07-29 20:07:49
Muskrat Love,America,MUSKRAT LOVE,AMERICA,/media/larry/data/music/tabs/Muskrat Love.pdf,2017-07-08 08:09:11
Sandman,America,SANDMAN,AMERICA,/media/larry/data/music/tabs/Sandman.pdf,2014-07-01 16:00:54
Sister Golden Hair,America,SISTER GOLDEN HAIR,AMERICA,/media/larry/data/music/tabs/Sister Golden Hair.pdf,2014-07-06 14:31:52
Tin Man,America,TIN MAN,AMERICA,/media/larry/data/music/tabs/Tin Man.pdf,2018-09-15 22:49:20
Ventura Highway,America,VENTURA HIGHWAY,AMERICA,/media/larry/data/music/tabs/Ventura Highway.pdf,2017-07-15 15:17:08
Sugar Sugar,Andy Kim,SUGAR SUGAR,ANDY KIM,/media/larry/data/music/tabs/Sugar Sugar.pdf,2018-08-04 21:25:22
Everything's Archie,The Archies,EVERYTHING'S ARCHIE,ARCHIES,/media/larry/data/music/tabs/Everything's Archie.pdf,
Sugar Sugar,The Archies,SUGAR SUGAR,ARCHIES,/media/larry/data/music/tabs/Sugar Sugar.pdf,2018-08-04 21:25:22
City Of New Orleans,Arlo Guthrie,CITY OF NEW ORLEANS,ARLO GUTHRIE,/media/larry/data/music/tabs/City of New Orleans.pdf,
Heat of the Moment,Asia,HEAT OF THE MOMENT,ASIA,/media/larry/data/music/tabs/Heat of the Moment.pdf,2018-05-12 21:11:26
Roam,The B52s,ROAM,B52S,/media/larry/data/music/tabs/Roam.pdf,2018-04-08 19:20:03
Come And Get It,Badfinger,COME AND GET IT,BADFINGER,/media/larry/data/music/tabs/Come and Get It.pdf,2018-04-08 19:31:47
Day After Day,Badfinger,DAY AFTER DAY,BADFINGER,/media/larry/data/music/tabs/Day After Day.pdf,2018-04-08 19:33:14
No Matter What,Badfinger,NO MATTER WHAT,BADFINGER,/media/larry/data/music/tabs/No Matter What.pdf,2018-09-21 21:01:39
The Weight,The Band,WEIGHT,BAND,/media/larry/data/music/tabs/The Weight.pdf,2018-05-21 09:31:40
Eternal Flame,The Bangles,ETERNAL FLAME,BANGLES,/media/larry/data/music/tabs/Eternal Flame.pdf,2018-07-29 20:09:33
If I Had a Million Dollars,Barenaked Ladies,IF I HAD A MILLION DOLLARS,BARENAKED LADIES,/media/larry/data/music/tabs/If I Had a Million Dollars.pdf,2014-07-15 23:46:01
Something to Live For,Barney Bentall,SOMETHING TO LIVE FOR,BARNEY BENTALL,/media/larry/data/music/tabs/Something to Live For.pdf,2018-07-02 15:51:24
Copacabana,Barry Manilow,COPACABANA,BARRY MANILOW,/media/larry/data/music/tabs/Copacabana.pdf,2018-12-01 09:09:34
The Eve Of Destruction,Barry McGuire,EVE OF DESTRUCTION,BARRY MCGUIRE,/media/larry/data/music/tabs/The Eve of Destruction.pdf,
California Girls,The Beach Boys,CALIFORNIA GIRLS,BEACH BOYS,/media/larry/data/music/tabs/California Girls.pdf,
A Hard Days Night,The Beatles,A HARD DAYS NIGHT,BEATLES,/media/larry/data/music/tabs/A Hard Days Night.pdf,2019-02-04 19:39:21
All My Loving,The Beatles,ALL MY LOVING,BEATLES,/media/larry/data/music/tabs/All My Loving.pdf,2018-12-25 22:03:36
And I Love Her,The Beatles,AND I LOVE HER,BEATLES,/media/larry/data/music/tabs/And I Love Her.pdf,2018-09-21 21:15:14
Back In the USSR,The Beatles,BACK IN THE USSR,BEATLES,/media/larry/data/music/tabs/Back in the USSR.pdf,2019-02-03 23:03:30
Can't Buy Me Love,The Beatles,CAN'T BUY ME LOVE,BEATLES,/media/larry/data/music/tabs/Can't Buy Me Love.pdf,2018-09-22 08:53:01
Day Tripper,The Beatles,DAY TRIPPER,BEATLES,/media/larry/data/music/tabs/Day Tripper.pdf,2016-10-23 15:34:54
Eight Days a Week,The Beatles,EIGHT DAYS A WEEK,BEATLES,/media/larry/data/music/tabs/Eight Days a Week.pdf,2016-10-22 21:17:35
Golden Slumbers,The Beatles,GOLDEN SLUMBERS,BEATLES,/media/larry/data/music/tabs/Golden Slumbers.pdf,2018-12-25 22:03:38
Got to Get You Into My Life,The Beatles,GOT TO GET YOU INTO MY LIFE,BEATLES,/media/larry/data/music/tabs/Got to Get You Into My Life.pdf,2018-12-25 22:51:39
Here Comes the Sun,The Beatles,HERE COMES THE SUN,BEATLES,/media/larry/data/music/tabs/Here Comes the Sun.pdf,2018-12-25 22:52:26
Hey Jude,The Beatles,HEY JUDE,BEATLES,/media/larry/data/music/tabs/Hey Jude.pdf,2018-06-01 22:31:41
I've Just Seen a Face,The Beatles,I'VE JUST SEEN A FACE,BEATLES,/media/larry/data/music/tabs/I've Just Seen a Face.pdf,2018-07-02 16:19:31
Love Me Do,The Beatles,LOVE ME DO,BEATLES,/media/larry/data/music/tabs/Love Me Do.pdf,2018-09-22 16:53:26
Norwegian Wood,The Beatles,NORWEGIAN WOOD,BEATLES,/media/larry/data/music/tabs/Norwegian Wood.pdf,2018-12-25 21:26:00
Penny Lane,The Beatles,PENNY LANE,BEATLES,/media/larry/data/music/tabs/Penny Lane.pdf,2018-07-13 16:22:28
Rain,The Beatles,RAIN,BEATLES,/media/larry/data/music/tabs/Rain.pdf,2018-09-22 08:52:37
Something,The Beatles,SOMETHING,BEATLES,/media/larry/data/music/tabs/Something.pdf,2018-12-25 23:01:48
Taxman,The Beatles,TAXMAN,BEATLES,/media/larry/data/music/tabs/Taxman.pdf,2018-07-13 16:17:49
Twist And Shout,The Beatles,TWIST AND SHOUT,BEATLES,/media/larry/data/music/tabs/Twist and Shout.pdf,2018-07-13 16:13:05
How Can You Mend a Broken Heart,The Bee Gees,HOW CAN YOU MEND A BROKEN HEART,BEE GEES,/media/larry/data/music/tabs/How Can You Mend a Broken Heart.pdf,2017-04-02 15:45:40
How Deep is Your Love,The Bee Gees,HOW DEEP IS YOUR LOVE,BEE GEES,/media/larry/data/music/tabs/How Deep is Your Love.pdf,2018-08-04 21:53:02
Staying Alive,The Bee Gees,STAYING ALIVE,BEE GEES,/media/larry/data/music/tabs/Staying Alive.pdf,2018-11-02 22:05:15
Stand By Me,Ben E King,STAND BY ME,BEN E KING,/media/larry/data/music/tabs/Stand By Me.pdf,
Into the Night,Benny Mardones,INTO THE NIGHT,BENNY MARDONES,/media/larry/data/music/tabs/Into the Night.pdf,2018-07-28 09:36:04
Power Windows,Billy Falcon,POWER WINDOWS,BILLY FALCON,/media/larry/data/music/tabs/Power Windows.pdf,2014-09-17 21:07:24
White Wedding,Billy Idol,WHITE WEDDING,BILLY IDOL,/media/larry/data/music/tabs/White Wedding.pdf,2018-07-01 20:46:57
It's Still Rock And Roll To Me,Billy Joel,IT'S STILL ROCK AND ROLL TO ME,BILLY JOEL,/media/larry/data/music/tabs/It's Still Rock and Roll to Me.pdf,2018-06-16 21:05:25
Just the Way You Are,Billy Joel,JUST THE WAY YOU ARE,BILLY JOEL,/media/larry/data/music/tabs/Just the Way You Are.pdf,2017-10-15 22:24:02
Piano Man,Billy Joel,PIANO MAN,BILLY JOEL,/media/larry/data/music/tabs/Piano Man.pdf,2014-08-21 22:06:48
Highway Song,Blackfoot,HIGHWAY SONG,BLACKFOOT,/media/larry/data/music/tabs/Highway Song.pdf,
Call Me,Blondie,CALL ME,BLONDIE,/media/larry/data/music/tabs/Call Me.pdf,2018-07-31 19:43:32
Dreaming,Blondie,DREAMING.PDF,BLONDIE,/media/larry/data/music/tabs/Dreaming.pdf,2017-07-09 20:55:04
Heart of Glass,Blondie,HEART OF GLASS,BLONDIE,/media/larry/data/music/tabs/Heart of Glass.pdf,2018-02-03 21:28:33
One Way Or Another,Blondie,ONE WAY OR ANOTHER,BLONDIE,/media/larry/data/music/tabs/One Way or Another.pdf,2018-07-31 20:23:10
Dont Fear the Reaper,Blue Oyster Cult,DONT FEAR THE REAPER,BLUE OYSTER CULT,/media/larry/data/music/tabs/Dont Fear the Reaper.pdf,
5 Days in May,Blue Rodeo,5 DAYS IN MAY,BLUE RODEO,/media/larry/data/music/tabs/5 Days in May.pdf,2019-02-04 19:40:25
Hasn't Hit Me Yet,Blue Rodeo,HASN'T HIT ME YET,BLUE RODEO,/media/larry/data/music/tabs/Hasn't Hit Me Yet.pdf,2017-11-28 22:14:13
How Long,Blue Rodeo,HOW LONG,BLUE RODEO,/media/larry/data/music/tabs/How Long.pdf,2018-08-04 21:51:37
Lost Together,Blue Rodeo,LOST TOGETHER,BLUE RODEO,/media/larry/data/music/tabs/Lost Together.pdf,2018-07-29 20:11:24
Rose Colored Glasses,Blue Rodeo,ROSE COLORED GLASSES,BLUE RODEO,/media/larry/data/music/tabs/Rose Colored Glasses.pdf,2018-07-28 07:44:56
Til I Am Myself Again,Blue Rodeo,TIL I AM MYSELF AGAIN,BLUE RODEO,/media/larry/data/music/tabs/Til I Am Myself Again.pdf,2017-11-28 22:40:56
Try,Blue Rodeo,TRY,BLUE RODEO,/media/larry/data/music/tabs/Try.pdf,2017-11-28 22:43:58
What Am I Doing Here,Blue Rodeo,WHAT AM I DOING HERE,BLUE RODEO,/media/larry/data/music/tabs/What am I Doing Here.pdf,2017-04-14 21:24:00
Ride Captain Ride,Blues Image,RIDE CAPTAIN RIDE,BLUES IMAGE,/media/larry/data/music/tabs/Ride Captain Ride.pdf,2018-12-26 09:11:29
All Along the Watchtower,Bob Dylan,ALL ALONG THE WATCHTOWER,BOB DYLAN,/media/larry/data/music/tabs/All Along the Watchtower.pdf,2015-11-28 20:44:59
Forever Young,Bob Dylan,FOREVER YOUNG,BOB DYLAN,/media/larry/data/music/tabs/Forever Young.pdf,2018-07-29 20:12:50
Froggie Went a Courtin,Bob Dylan,FROGGIE WENT A COURTIN,BOB DYLAN,/media/larry/data/music/tabs/Froggie Went A Courtin.pdf,
My Back Pages,Bob Dylan,MY BACK PAGES,BOB DYLAN,/media/larry/data/music/tabs/My Back Pages.pdf,2016-12-27 19:24:51
Against the Wind,Bob Seger,AGAINST THE WIND,BOB SEGER,/media/larry/data/music/tabs/Against the Wind.pdf,2019-02-03 17:18:01
Night Moves,Bob Seger,NIGHT MOVES,BOB SEGER,/media/larry/data/music/tabs/Night Moves.pdf,2018-08-04 21:14:27
We've Got Tonight,Bob Seger,WE'VE GOT TONIGHT,BOB SEGER,/media/larry/data/music/tabs/We've Got Tonight.pdf,
Ebony Eyes,Bob Welch,EBONY EYES,BOB WELCH,/media/larry/data/music/tabs/Ebony Eyes.pdf,2016-05-28 20:21:40
Sentimental Lady,Bob Welch,SENTIMENTAL LADY,BOB WELCH,/media/larry/data/music/tabs/Sentimental Lady.pdf,2018-12-01 09:57:30
I Fought the Law,Bobby Fuller,I FOUGHT THE LAW,BOBBY FULLER,/media/larry/data/music/tabs/I Fought the Law.pdf,2016-10-22 21:19:47
Dead Or Alive,Bon Jovi,DEAD OR ALIVE,BON JOVI,/media/larry/data/music/tabs/Dead or Alive.pdf,2017-04-02 16:05:20
Foreplay,Boston,FOREPLAY,BOSTON,/media/larry/data/music/tabs/Foreplay.pdf,2017-04-14 20:37:55
More Than a Feeling,Boston,MORE THAN A FEELING,BOSTON,/media/larry/data/music/tabs/More Than a Feeling.pdf,
Rock And Roll Band,Boston,ROCK AND ROLL BAND,BOSTON,/media/larry/data/music/tabs/Rock and Roll Band.pdf,2016-09-10 21:14:37
Lovers In a Dangerous Time,Bruce Cockburn,LOVERS IN A DANGEROUS TIME,BRUCE COCKBURN,/media/larry/data/music/tabs/Lovers in a Dangerous Time.pdf,2017-07-09 22:04:45
Blinded By the Light,Bruce Springsteen,BLINDED BY THE LIGHT,BRUCE SPRINGSTEEN,/media/larry/data/music/tabs/Blinded By the Light.pdf,2018-09-21 20:24:12
Born To Run,Bruce Springsteen,BORN TO RUN,BRUCE SPRINGSTEEN,/media/larry/data/music/tabs/Born to Run.pdf,2018-07-28 19:27:26
Dancing in the Dark,Bruce Springsteen,DANCING IN THE DARK,BRUCE SPRINGSTEEN,/media/larry/data/music/tabs/Dancing in the Dark.pdf,
Glory Days,Bruce Springsteen,GLORY DAYS,BRUCE SPRINGSTEEN,/media/larry/data/music/tabs/Glory Days.pdf,2018-07-01 21:10:33
Straight From the Heart,Bryan Adams,STRAIGHT FROM THE HEART,BRYAN ADAMS,/media/larry/data/music/tabs/Straight From the Heart.pdf,2017-10-15 22:38:11
Summer Of 69,Bryan Adams,SUMMER OF 69,BRYAN ADAMS,/media/larry/data/music/tabs/Summer of 69.pdf,
Act Naturally,Buck Owens,ACT NATURALLY,BUCK OWENS,/media/larry/data/music/tabs/Act Naturally.pdf,2018-10-27 08:25:23
Oh Boy,Buddy Holly,OH BOY,BUDDY HOLLY,/media/larry/data/music/tabs/Oh Boy.pdf,2018-07-01 08:08:18
Turn Turn Turn,The Byrds,TURN TURN TURN,BYRDS,/media/larry/data/music/tabs/Turn Turn Turn.pdf,2015-03-15 13:19:12
Going Up the Country,Canned Heat,GOING UP THE COUNTRY,CANNED HEAT,/media/larry/data/music/tabs/Going Up the Country.pdf,2018-07-01 21:07:15
Anticipation,Carly Simon,ANTICIPATION,CARLY SIMON,/media/larry/data/music/tabs/Anticipation.pdf,2019-01-04 21:38:39
It’s Too Late Baby,Carole King,ITS TOO LATE BABY,CAROLE KING,/media/larry/data/music/tabs/It's Too Late Baby.pdf,2019-01-04 21:42:50
A Summer Song,Chad and Jeremy,SUMMER SONG,CHAD AND JEREMY,/media/larry/data/music/tabs/A Summer Song.pdf,2019-01-04 21:47:56
I Want You To Want Me,Cheap Trick,I WANT YOU TO WANT ME,CHEAP TRICK,/media/larry/data/music/tabs/I Want You to Want Me.pdf,2015-03-15 13:25:45
Surrender,Cheap Trick,SURRENDER,CHEAP TRICK,/media/larry/data/music/tabs/Surrender.pdf,2018-09-15 22:24:31
Colour My World,Chicago,COLOUR MY WORLD,CHICAGO,/media/larry/data/music/tabs/Colour My World.pdf,2015-10-26 22:05:39
Fly At Night,Chilliwack,FLY AT NIGHT,CHILLIWACK,/media/larry/data/music/tabs/Fly at Night.pdf,2019-01-04 22:00:43
Dont Pay the Ferryman,Chris DeBurgh,DONT PAY THE FERRYMAN,CHRIS DEBURGH,/media/larry/data/music/tabs/Dont Pay the Ferryman.pdf,2018-02-19 15:32:41
Sailing,Christopher Cross,SAILING,CHRISTOPHER CROSS,/media/larry/data/music/tabs/Sailing.pdf,2019-01-04 22:14:00
Johnny B Goode,Chuck Berry,JOHNNY B GOODE,CHUCK BERRY,/media/larry/data/music/tabs/Johnny B Goode.pdf,
Couldn't Get it Right,Climax Blues Band,COULDN'T GET IT RIGHT,CLIMAX BLUES BAND,/media/larry/data/music/tabs/Couldn't Get it Right.pdf,2019-01-04 22:15:07
Viva La Vida,Coldplay,VIVA LA VIDA,COLDPLAY,/media/larry/data/music/tabs/Viva La Vida.pdf,2019-02-03 23:04:04
Hot Rod Lincoln,Commander Cody and his Lost Planet Airmen,HOT ROD LINCOLN,COMMANDER CODY AND HIS LOST PLANET AIRMEN,/media/larry/data/music/tabs/Hot Rod Lincoln.pdf,2019-01-04 22:20:14
Easy,The Commodores,EASY,COMMODORES,/media/larry/data/music/tabs/Easy.pdf,2018-09-15 22:16:13
Sail On,The Commodores,SAIL ON,COMMODORES,/media/larry/data/music/tabs/Sail On.pdf,2018-07-01 19:26:18
Bad Moon Rising,Creedence Clearwater Revival,BAD MOON RISING,CREEDENCE CLEARWATER REVIVAL,/media/larry/data/music/tabs/Bad Moon Rising.pdf,2018-07-21 21:57:28
Born On the Bayou,Creedence Clearwater Revival,BORN ON THE BAYOU,CREEDENCE CLEARWATER REVIVAL,/media/larry/data/music/tabs/Born on the Bayou.pdf,2018-07-21 20:06:07
Down on the Corner,Creedence Clearwater Revival,DOWN ON THE CORNER,CREEDENCE CLEARWATER REVIVAL,/media/larry/data/music/tabs/Down on the Corner.pdf,2018-07-21 20:11:58
Fortunate Son,Creedence Clearwater Revival,FORTUNATE SON,CREEDENCE CLEARWATER REVIVAL,/media/larry/data/music/tabs/Fortunate Son.pdf,2019-01-08 19:32:21
Green River,Creedence Clearwater Revival,GREEN RIVER,CREEDENCE CLEARWATER REVIVAL,/media/larry/data/music/tabs/Green River.pdf,2018-07-21 20:32:44
Have You Ever Seen the Rain,Creedence Clearwater Revival,HAVE YOU EVER SEEN THE RAIN,CREEDENCE CLEARWATER REVIVAL,/media/larry/data/music/tabs/Have You Ever Seen the Rain.pdf,2018-07-31 20:07:04
Lodi,Creedence Clearwater Revival,LODI,CREEDENCE CLEARWATER REVIVAL,/media/larry/data/music/tabs/Lodi.pdf,2019-01-03 23:34:58
Lookin' Out My Back Door,Creedence Clearwater Revival,LOOKIN' OUT MY BACK DOOR,CREEDENCE CLEARWATER REVIVAL,/media/larry/data/music/tabs/Lookin' Out My Back Door.pdf,2018-07-21 21:57:29
Proud Mary,Creedence Clearwater Revival,PROUD MARY,CREEDENCE CLEARWATER REVIVAL,/media/larry/data/music/tabs/Proud Mary.pdf,2018-08-19 19:37:51
Up Around the Bend,Creedence Clearwater Revival,UP AROUND THE BEND,CREEDENCE CLEARWATER REVIVAL,/media/larry/data/music/tabs/Up Around the Bend.pdf,2018-07-30 20:05:33
Who'll Stop the Rain,Creedence Clearwater Revival,WHO'LL STOP THE RAIN,CREEDENCE CLEARWATER REVIVAL,/media/larry/data/music/tabs/Who'll Stop the Rain.pdf,2018-09-30 13:27:25
Sh Boom,The Crew-Cuts,SH BOOM,CREW-CUTS,/media/larry/data/music/tabs/Sh Boom.pdf,2018-07-02 16:24:57
Just a Song Before I Go,Crosby Stills & Nash,JUST A SONG BEFORE I GO,CROSBY STILLS & NASH,/media/larry/data/music/tabs/Just a Song Before I Go.pdf,2017-08-13 17:22:51
Southern Cross,Crosby Stills & Nash,SOUTHERN CROSS,CROSBY STILLS & NASH,/media/larry/data/music/tabs/Southern Cross.pdf,2018-06-22 19:31:43
Wasted on the Way,Crosby Stills & Nash,WASTED ON THE WAY,CROSBY STILLS & NASH,/media/larry/data/music/tabs/Wasted on the Way.pdf,2017-05-12 23:46:03
Teach Your Children,Crosby Stills Nash & Young,TEACH YOUR CHILDREN,CROSBY STILLS NASH & YOUNG,/media/larry/data/music/tabs/Teach Your Children.pdf,2018-09-22 19:43:18
Dont Dream It's Over,Crowded House,DONT DREAM IT'S OVER,CROWDED HOUSE,/media/larry/data/music/tabs/Dont Dream It's Over.pdf,2017-07-09 21:46:02
Something So Strong,Crowded House,SOMETHING SO STRONG,CROWDED HOUSE,/media/larry/data/music/tabs/Something so Strong.pdf,2015-01-09 20:05:45
Friday I'm in Love,The Cure,FRIDAY I'M IN LOVE,CURE,/media/larry/data/music/tabs/Friday I'm In Love.pdf,2017-04-02 16:15:47
Red Rubber Ball,Cyrcle,RED RUBBER BALL,CYRCLE,/media/larry/data/music/tabs/Red Rubber Ball.pdf,2016-09-07 23:20:57
Same Old Lang Syne,Dan Fogelberg,SAME OLD LANG SYNE,DAN FOGELBERG,/media/larry/data/music/tabs/Same Old Lang Syne.pdf,2018-07-01 19:30:55
Because,Dave Clark Five,BECAUSE,DAVE CLARK FIVE,/media/larry/data/music/tabs/Because.pdf,2018-10-27 07:36:26
We Just Disagree,Dave Mason,WE JUST DISAGREE,DAVE MASON,/media/larry/data/music/tabs/We Just Disagree.pdf,2017-08-13 17:28:03
Changes,David Bowie,CHANGES,DAVID BOWIE,/media/larry/data/music/tabs/Changes.pdf,2018-11-24 09:58:11
Heroes,David Bowie,HEROES,DAVID BOWIE,/media/larry/data/music/tabs/Heroes.pdf,2018-11-24 13:15:07
The Man Who Sold the World,David Bowie,MAN WHO SOLD THE WORLD,DAVID BOWIE,/media/larry/data/music/tabs/The Man Who Sold the World.pdf,2018-08-31 22:07:48
Space Oddity,David Bowie,SPACE ODDITY,DAVID BOWIE,/media/larry/data/music/tabs/Space Oddity.pdf,2018-08-19 16:43:16
Starman,David Bowie,STARMAN,DAVID BOWIE,/media/larry/data/music/tabs/Starman.pdf,2018-11-24 09:53:49
Downtown Came Uptown,David Wilcox,DOWNTOWN CAME UPTOWN,DAVID WILCOX,/media/larry/data/music/tabs/Downtown Came Uptown.pdf,2016-05-28 20:09:39
Breakfast at Tiffany's,Deep Blue Something,BREAKFAST AT TIFFANY'S,DEEP BLUE SOMETHING,/media/larry/data/music/tabs/Breakfast at Tiffany's.pdf,2018-11-24 15:38:57
Runaway,Del Shannon,RUNAWAY,DEL SHANNON,/media/larry/data/music/tabs/Runaway.pdf,2016-09-07 23:24:59
Sausalito Summer Night,Diesel,SAUSALITO SUMMER NIGHT,DIESEL,/media/larry/data/music/tabs/Sausalito Summer Night.pdf,2018-12-27 22:32:50
The Wanderer,Dionne,WANDERER,DIONNE,/media/larry/data/music/tabs/The Wanderer.pdf,2016-08-26 22:02:37
Sultans Of Swing,Dire Straits,SULTANS OF SWING,DIRE STRAITS,/media/larry/data/music/tabs/Sultans of Swing.pdf,
Twisting By the Pool,Dire Straits,TWISTING BY THE POOL,DIRE STRAITS,/media/larry/data/music/tabs/Twisting By the Pool.pdf,2015-11-28 22:24:08
Walk Of Life,Dire Straits,WALK OF LIFE,DIRE STRAITS,/media/larry/data/music/tabs/Walk of Life.pdf,2018-09-15 22:12:19
Hurdy Gurdy Man,Donovan,HURDY GURDY MAN,DONOVAN,/media/larry/data/music/tabs/Hurdy Gurdy Man.pdf,2017-08-11 22:35:38
Black Water,The Doobie Brothers,BLACK WATER,DOOBIE BROTHERS,/media/larry/data/music/tabs/Black Water.pdf,2018-12-27 22:32:21
China Grove,The Doobie Brothers,CHINA GROVE,DOOBIE BROTHERS,/media/larry/data/music/tabs/China Grove.pdf,2018-07-31 19:51:04
Jesus Is Just Alright,The Doobie Brothers,JESUS IS JUST ALRIGHT,DOOBIE BROTHERS,/media/larry/data/music/tabs/Jesus is Just Alright.pdf,2018-12-27 22:15:52
Listen To the Music,The Doobie Brothers,LISTEN TO THE MUSIC,DOOBIE BROTHERS,/media/larry/data/music/tabs/Listen to the Music.pdf,2018-12-27 22:06:15
Long Train Runnin',The Doobie Brothers,LONG TRAIN RUNNIN',DOOBIE BROTHERS,/media/larry/data/music/tabs/Long Train Runnin'.pdf,2018-12-27 22:06:12
What a Fool Believes,The Doobie Brothers,WHAT A FOOL BELIEVES,DOOBIE BROTHERS,/media/larry/data/music/tabs/What a Fool Believes.pdf,2019-01-08 19:35:38
Cover Of the Rolling Stone,Dr Hook and the Medicine Show,COVER OF THE ROLLING STONE,DR HOOK AND THE MEDICINE SHOW,/media/larry/data/music/tabs/Cover of the Rolling Stone.pdf,2016-09-25 19:24:42
Under the Boardwalk,The Drifters,UNDER THE BOARDWALK,DRIFTERS,/media/larry/data/music/tabs/Under the Boardwalk.pdf,2016-10-29 21:00:58
Rio,Duran Duran,RIO,DURAN DURAN,/media/larry/data/music/tabs/Rio.pdf,2019-02-03 23:03:37
Best Of My Love,The Eagles,BEST OF MY LOVE,EAGLES,/media/larry/data/music/tabs/Best of My Love.pdf,2019-02-03 23:03:34
Hotel California,The Eagles,HOTEL CALIFORNIA,EAGLES,/media/larry/data/music/tabs/Hotel California.pdf,2018-07-11 08:40:08
Take It Easy,The Eagles,TAKE IT EASY,EAGLES,/media/larry/data/music/tabs/Take it Easy.pdf,2018-09-22 19:32:20
Witchy Woman,The Eagles,WITCHY WOMAN,EAGLES,/media/larry/data/music/tabs/Witchy Woman.pdf,2019-02-03 23:05:36
Friday On My Mind,The Easy-Beats,FRIDAY ON MY MIND,EASY-BEATS,/media/larry/data/music/tabs/Friday on My Mind.pdf,2018-07-30 20:25:36
Summertime Blues,Eddy Cochrane,SUMMERTIME BLUES,EDDY COCHRANE,/media/larry/data/music/tabs/Summertime Blues.pdf,
Love Goes Where My Rosemary Goes,Edison Lighthouse,LOVE GOES WHERE MY ROSEMARY GOES,EDISON LIGHTHOUSE,/media/larry/data/music/tabs/Love Goes Where My Rosemary Goes.pdf,2018-07-30 20:32:13
Mr Blue Sky,Electric Light Orchestra,MR BLUE SKY,ELECTRIC LIGHT ORCHESTRA,/media/larry/data/music/tabs/Mr Blue Sky.pdf,2018-12-25 21:06:42
Rock And Roll Is King,Electric Light Orchestra,ROCK AND ROLL IS KING,ELECTRIC LIGHT ORCHESTRA,/media/larry/data/music/tabs/Rock and Roll is King.pdf,2018-06-22 20:32:55
Bennie And the Jets,Elton John,BENNIE AND THE JETS,ELTON JOHN,/media/larry/data/music/tabs/Bennie and the Jets.pdf,2018-12-03 20:19:45
Crocodile Rock,Elton John,CROCODILE ROCK,ELTON JOHN,/media/larry/data/music/tabs/Crocodile Rock.pdf,2018-12-03 21:01:29
Daniel,Elton John,DANIEL,ELTON JOHN,/media/larry/data/music/tabs/Daniel.pdf,2018-12-03 21:10:45
Goodbye Yellow Brick Road,Elton John,GOODBYE YELLOW BRICK ROAD,ELTON JOHN,/media/larry/data/music/tabs/Goodbye Yellow Brick Road.pdf,2019-01-08 19:27:40
Rocket Man,Elton John,ROCKET MAN,ELTON JOHN,/media/larry/data/music/tabs/Rocket Man.pdf,2018-12-26 08:57:40
All Shook Up,Elvis Presley,ALL SHOOK UP,ELVIS PRESLEY,/media/larry/data/music/tabs/All Shook Up.pdf,2018-05-19 19:06:51
Can't Help Falling In Love,Elvis Presley,CAN'T HELP FALLING IN LOVE,ELVIS PRESLEY,/media/larry/data/music/tabs/Can't Help Falling in Love.pdf,2018-07-02 10:59:50
Good Luck Charm,Elvis Presley,GOOD LUCK CHARM,ELVIS PRESLEY,/media/larry/data/music/tabs/Good Luck Charm.pdf,2016-09-10 19:47:21
The Last Waltz,Engelbert Humperdink,LAST WALTZ,ENGELBERT HUMPERDINK,/media/larry/data/music/tabs/The Last Waltz.pdf,2018-12-27 22:49:47
I'd Really Love To See You Tonight,England Dan and John Ford Coley,I'D REALLY LOVE TO SEE YOU TONIGHT,ENGLAND DAN AND JOHN FORD COLEY,/media/larry/data/music/tabs/I'd Really Love to See You Tonight.pdf,2018-08-04 21:49:01
Promises,Eric Clapton,PROMISES,ERIC CLAPTON,/media/larry/data/music/tabs/Promises.pdf,2019-02-03 23:03:46
Wonderful Tonight,Eric Clapton,WONDERFUL TONIGHT,ERIC CLAPTON,/media/larry/data/music/tabs/Wonderful Tonight.pdf,2016-11-21 22:22:05
Here Comes the Rain Again,The Eurythmics,HERE COMES THE RAIN AGAIN,EURYTHMICS,/media/larry/data/music/tabs/Here Comes the Rain Again.pdf,2018-08-08 22:01:00
All I Have To Do Is Dream,The Everly Brothers,ALL I HAVE TO DO IS DREAM,EVERLY BROTHERS,/media/larry/data/music/tabs/All I Have to Do is Dream.pdf,2019-02-03 23:03:24
The Springhill Disaster,Ewen McColl and Peggy Seger,SPRINGHILL DISASTER,EWEN MCCOLL AND PEGGY SEGER,/media/larry/data/music/tabs/The Springhill Disaster.pdf,2014-07-02 20:45:46
Just Remember I Love You,Firefall,JUST REMEMBER LOVE YOU,FIREFALL,/media/larry/data/music/tabs/Just Remember I Love You.pdf,2018-12-22 08:05:08
Absolutely Right,Five Man Electrical Band,ABSOLUTELY RIGHT,FIVE MAN ELECTRICAL BAND,/media/larry/data/music/tabs/Absolutely Right.pdf,2018-12-01 10:07:12
Don't Stop,Fleetwood Mac,DONT STOP,FLEETWOOD MAC,/media/larry/data/music/tabs/Dont Stop.pdf,2018-12-01 10:01:17
Dreams,Fleetwood Mac,DREAMS,FLEETWOOD MAC,/media/larry/data/music/tabs/Dreams.pdf,2018-12-01 09:47:48
Go Your Own Way,Fleetwood Mac,GO YOUR OWN WAY,FLEETWOOD MAC,/media/larry/data/music/tabs/Go Your Own Way.pdf,2018-12-01 09:49:17
Monday Morning,Fleetwood Mac,MONDAY MORNING,FLEETWOOD MAC,/media/larry/data/music/tabs/Monday Morning.pdf,2016-12-27 19:47:54
Say That You Love Me,Fleetwood Mac,SAY THAT YOU LOVE ME,FLEETWOOD MAC,/media/larry/data/music/tabs/Say That You Love Me.pdf,2018-12-01 09:54:06
Sentimental Lady,Fleetwood Mac,SENTIMENTAL LADY,FLEETWOOD MAC,/media/larry/data/music/tabs/Sentimental Lady.pdf,2018-12-01 09:57:30
I Ran,Flock of Seagulls,I RAN,FLOCK OF SEAGULLS,/media/larry/data/music/tabs/I Ran.pdf,
Big Girls Don't Cry,Frankie Valli and the Four Seasons,BIG GIRLS DON'T CRY,FRANKIE VALLI AND THE FOUR SEASONS,/media/larry/data/music/tabs/Big Girls Don't Cry.pdf,2015-01-26 22:51:27
Can't Take My Eyes Off Of You,Frankie Valli and the Four Seasons,CAN'T TAKE MY EYES OFF OF YOU,FRANKIE VALLI AND THE FOUR SEASONS,/media/larry/data/music/tabs/Can't Take My Eyes Off of You.pdf,2018-10-28 19:12:12
Rag Doll,Frankie Valli and the Four Seasons,RAG DOLL,FRANKIE VALLI AND THE FOUR SEASONS,/media/larry/data/music/tabs/Rag Doll.pdf,2018-07-01 19:06:11
Friends In Low Places,Garth Brooks,FRIENDS IN LOW PLACES,GARTH BROOKS,/media/larry/data/music/tabs/Friends in Low Places.pdf,2016-10-15 19:47:21
The Thunder Rolls,Garth Brooks,THUNDER ROLLS,GARTH BROOKS,/media/larry/data/music/tabs/The Thunder Rolls.pdf,2018-06-30 16:20:41
Follow You Follow Me,Genesis,FOLLOW YOU FOLLOW ME,GENESIS,/media/larry/data/music/tabs/Follow You Follow Me.pdf,2018-12-01 09:35:41
Little Green Bag,George Baker Goup,LITTLE GREEN BAG,GEORGE BAKER GOUP,/media/larry/data/music/tabs/Little Green Bag.pdf,2018-07-02 10:27:10
Blow Away,George Harrison,BLOW AWAY,GEORGE HARRISON,/media/larry/data/music/tabs/Blow Away.pdf,2018-05-15 22:33:00
Found Out About You,Gin Blossoms,FOUND OUT ABOUT YOU,GIN BLOSSOMS,/media/larry/data/music/tabs/Found Out About You.pdf,2018-07-01 21:14:02
Our Lips Are Sealed,The Go Gos,OUR LIPS ARE SEALED,GO GOS,/media/larry/data/music/tabs/Our Lips are Sealed.pdf,2018-07-31 20:19:36
Vacation,The Go Gos,VACATION,GO GOS,/media/larry/data/music/tabs/Vacation.pdf,2018-12-23 09:19:32
We Got the Beat,The Go Gos,WE GOT THE BEAT,GO GOS,/media/larry/data/music/tabs/We Got the Beat.pdf,
Carefree Highway,Gordon Lightfoot,CAREFREE HIGHWAY,GORDON LIGHTFOOT,/media/larry/data/music/tabs/Carefree Highway.pdf,2018-07-01 08:28:44
Don Quixote,Gordon Lightfoot,DON QUIXOTE,GORDON LIGHTFOOT,/media/larry/data/music/tabs/Don Quixote.pdf,2017-04-08 22:07:55
If I Could Read Your Mind,Gordon Lightfoot,IF I COULD READ YOUR MIND,GORDON LIGHTFOOT,/media/larry/data/music/tabs/If I Could Read Your Mind.pdf,2017-07-15 15:42:54
Rainy Day People,Gordon Lightfoot,RAINY DAY PEOPLE,GORDON LIGHTFOOT,/media/larry/data/music/tabs/Rainy Day People.pdf,2018-07-02 10:31:14
The Wreck Of The Edmund Fitzgerald,Gordon Lightfoot,WRECK OF THE EDMUND FITZGERALD,GORDON LIGHTFOOT,/media/larry/data/music/tabs/The Wreck of the Edmund Fitzgerald.pdf,2014-09-24 21:54:50
The Loco-Motion,Grand Funk Railroad,LOCO-MOTION,GRAND FUNK RAILROAD,/media/larry/data/music/tabs/The Loco-Motion.pdf,2017-05-30 20:53:17
The Breakup Song,The Greg Kihn Band,BREAKUP SONG,GREG KIHN BAND,/media/larry/data/music/tabs/The Breakup Song.pdf,2018-07-28 09:26:33
These Eyes,The Guess Who,THESE EYES,GUESS WHO,/media/larry/data/music/tabs/These Eyes.pdf,
Undone,The Guess Who,UNDONE,GUESS WHO,/media/larry/data/music/tabs/Undone.pdf,2014-09-24 22:06:12
Sweet Child O Mine,Guns N Roses,SWEET CHILD O MINE,GUNS N ROSES,/media/larry/data/music/tabs/Sweet Child O Mine.pdf,2018-07-28 09:32:21
Maneater,Hall and Oates,MANEATER,HALL AND OATES,/media/larry/data/music/tabs/Maneater.pdf,2018-12-01 09:32:30
The Banana Boat Song,Harry Belafonte,BANANA BOAT SONG,HARRY BELAFONTE,/media/larry/data/music/tabs/The Banana Boat Song.pdf,2015-06-08 23:20:39
Cat's In the Crade,Harry Chapin,CAT'S IN THE CRADLE,HARRY CHAPIN,/media/larry/data/music/tabs/Cat's in the Crade.pdf,2015-02-14 16:28:42
Shannon,Henry Gross,SHANNON,HENRY GROSS,/media/larry/data/music/tabs/Shannon.pdf,2018-08-08 21:46:45
Henry VIII,Herman's Hermits,HENRY VIII,HERMAN'S HERMITS,/media/larry/data/music/tabs/Henry VIII.pdf,2014-06-26 22:06:24
I'm Into Something Good,Herman's Hermits,I'M INTO SOMETHING GOOD,HERMAN'S HERMITS,/media/larry/data/music/tabs/I'm Into Something Good.pdf,2018-08-04 21:33:28
Mrs Brown You've Got a Lovely Daughter,Herman's Hermits,MRS BROWN YOU’VE GOT A LOVELY DAUGHTER,HERMAN'S HERMITS,/media/larry/data/music/tabs/Mrs Brown.pdf,2018-02-24 15:48:21
Mrs Brown You've Got a Lovely Daughter,Herman's Hermits,MRS BROWN YOU’VE GOT A LOVELY DAUGHTER,HERMAN'S HERMITS,/media/larry/data/music/tabs/Mrs Brown.pdf,2018-09-22 20:01:44
There's a Kind Of Hush,Herman's Hermits,THERE'S A KIND OF HUSH,HERMAN'S HERMITS,/media/larry/data/music/tabs/There's a Kind of Hush.pdf,2017-11-18 22:19:40
Long Cool Woman,The Hollies,LONG COOL WOMAN,HOLLIES,/media/larry/data/music/tabs/Long Cool Woman.pdf,2017-11-18 22:52:28
Boney Fingers,Hoyt Axton,BONEY FINGERS,HOYT AXTON,/media/larry/data/music/tabs/Boney Fingers.pdf,2017-08-11 21:34:17
Hold On,Ian Thomas,HOLD ON,IAN THOMAS,/media/larry/data/music/tabs/Hold On.pdf,2018-12-01 09:26:23
Painted Ladies,Ian Thomas,PAINTED LADIES,IAN THOMAS,/media/larry/data/music/tabs/Painted Ladies.pdf,2018-07-28 07:39:56
Doctor My Eyes,Jackson Browne,DOCTOR MY EYES,JACKSON BROWNE,/media/larry/data/music/tabs/Doctor My Eyes.pdf,2018-07-27 17:57:34
Running On Empty,Jackson Browne,RUNNING ON EMPTY,JACKSON BROWNE,/media/larry/data/music/tabs/Running On Empty.pdf,2018-12-26 09:25:54
A Town Called Malice,The Jam,A TOWN CALLED MALICE,JAM,/media/larry/data/music/tabs/A Town Called Malice.pdf,2018-08-19 22:11:45
I Got You  (I Feel Good),James Brown,I GOT YOU  (I FEEL GOOD),JAMES BROWN,/media/larry/data/music/tabs/I Got You (I Feel Good).pdf,2015-03-10 22:11:02
Funk 49,James Gang,FUNK 49,JAMES GANG,/media/larry/data/music/tabs/Funk 49.pdf,
Carolina In My Mind,James Taylor,CAROLINA IN MY MIND,JAMES TAYLOR,/media/larry/data/music/tabs/Carolina in My Mind.pdf,2018-12-28 14:39:23
Sweet Baby James,James Taylor,SWEET BABY JAMES,JAMES TAYLOR,/media/larry/data/music/tabs/Sweet Baby James.pdf,2018-12-01 09:21:20
Angel Eyes,Jeff Healey,ANGEL EYES,JEFF HEALEY,/media/larry/data/music/tabs/Angel Eyes.pdf,2018-12-01 09:20:58
Bad Bad Leroy Brown,Jim Croce,BAD BAD LEROY BROWN,JIM CROCE,/media/larry/data/music/tabs/Bad Bad Leroy Brown.pdf,2017-06-29 21:49:35
Operator,Jim Croce,OPERATOR,JIM CROCE,/media/larry/data/music/tabs/Operator.pdf,2018-08-08 21:52:08
Roller Derby Queen,Jim Croce,ROLLER DERBY QUEEN,JIM CROCE,/media/larry/data/music/tabs/Roller Derby Queen.pdf,2018-07-28 07:50:28
Workin at the Car Wash Blues,Jim Croce,WORKIN AT THE CAR WASH BLUES,JIM CROCE,/media/larry/data/music/tabs/Workin at the Car Wash Blues.pdf,2018-08-08 21:49:15
All Along the Watchtower,Jimi Hendrix,ALL ALONG THE WATCHTOWER,JIMI HENDRIX,/media/larry/data/music/tabs/All Along the Watchtower.pdf,2015-11-28 20:44:59
Come Monday,Jimmy Buffett,COME MONDAY,JIMMY BUFFETT,/media/larry/data/music/tabs/Come Monday.pdf,2018-12-01 09:17:50
Fins,Jimmy Buffett,FINS,JIMMY BUFFETT,/media/larry/data/music/tabs/Fins.pdf,2018-08-04 22:13:53
Margaretaville,Jimmy Buffett,MARGARETAVILLE,JIMMY BUFFETT,/media/larry/data/music/tabs/Margaretaville.pdf,2017-07-28 22:13:42
Volcano,Jimmy Buffett,VOLCANO,JIMMY BUFFETT,/media/larry/data/music/tabs/Volcano.pdf,2018-07-22 22:27:00
Is She Really Going Out With Him,Joe Jackson,IS SHE REALLY GOING OUT WITH HIM,JOE JACKSON,/media/larry/data/music/tabs/Is She Really Going Out With Him.pdf,2018-06-16 20:20:17
Annie's Song,John Denver,ANNIE'S SONG,JOHN DENVER,/media/larry/data/music/tabs/Annie's Song.pdf,2018-12-28 14:07:08
Follow Me,John Denver,FOLLOW ME,JOHN DENVER,/media/larry/data/music/tabs/Follow Me.pdf,2018-08-04 21:59:11
Rocky Mountain High,John Denver,ROCKY MOUNTAIN HIGH,JOHN DENVER,/media/larry/data/music/tabs/Rocky Mountain High.pdf,2018-09-28 20:52:18
Take Me Home Country Roads,John Denver,TAKE ME HOME COUNTRY ROADS,JOHN DENVER,/media/larry/data/music/tabs/Take Me Home Country Roads.pdf,2018-09-22 20:24:24
Centerfield,John Fogherty,CENTERFIELD,JOHN FOGHERTY,/media/larry/data/music/tabs/Centerfield.pdf,
Just Like Starting Over,John Lennon,JUST LIKE STARTING OVER,JOHN LENNON,/media/larry/data/music/tabs/Just Like Starting Over.pdf,2018-08-04 22:16:53
Aint Even Done With the Night,John Mellencamp,AINT EVEN DONE WITH THE NIGHT,JOHN MELLENCAMP,/media/larry/data/music/tabs/Aint Even Done With the Night.pdf,2018-12-28 14:06:41
Hurts So Good,John Mellencamp,HURTS SO GOOD,JOHN MELLENCAMP,/media/larry/data/music/tabs/Hurts So Good.pdf,2017-05-12 22:56:03
Jack And Diane,John Mellencamp,JACK AND DIANE,JOHN MELLENCAMP,/media/larry/data/music/tabs/Jack and Diane.pdf,2018-08-04 21:38:33
Pink Houses,John Mellencamp,PINK HOUSES,JOHN MELLENCAMP,/media/larry/data/music/tabs/Pink Houses.pdf,2018-08-04 21:18:56
Welcome Back,John Sebastian,WELCOME BACK,JOHN SEBASTIAN,/media/larry/data/music/tabs/Welcome Back.pdf,2019-02-04 19:34:18
Memphis,Johnny Rivers,MEMPHIS,JOHNNY RIVERS,/media/larry/data/music/tabs/Memphis.pdf,2018-07-22 22:24:03
Secret Agent Man,Johnny Rivers,SECRET AGENT MAN,JOHNNY RIVERS,/media/larry/data/music/tabs/Secret Agent Man.pdf,2018-07-22 22:24:02
Summer Rain,Johnny Rivers,SUMMER RAIN,JOHNNY RIVERS,/media/larry/data/music/tabs/Summer Rain.pdf,2018-09-22 20:16:39
Big Yellow Taxi,Joni Mitchell,BIG YELLOW TAXI,JONI MITCHELL,/media/larry/data/music/tabs/Big Yellow Taxi.pdf,2018-07-01 08:32:03
Don't Stop Believin',Journey,DON’T STOP BELIEVIN,JOURNEY,/media/larry/data/music/tabs/Dont Stop Believin.pdf,
Don't Stop Believin',Journey,DON’T STOP BELIEVIN,JOURNEY,/media/larry/data/music/tabs/Dont Stop Believin.pdf,2018-09-22 20:01:35
Faithfully,Journey,FAITHFULLY,JOURNEY,/media/larry/data/music/tabs/Faithfully.pdf,2018-12-01 09:13:16
Lights,Journey,LIGHTS,JOURNEY,/media/larry/data/music/tabs/Lights.pdf,2018-07-28 20:02:10
Open Arms,Journey,OPEN ARMS,JOURNEY,/media/larry/data/music/tabs/Open Arms.pdf,2018-12-01 09:09:37
Dust In the Wind,Kansas,DUST IN THE WIND,KANSAS,/media/larry/data/music/tabs/Dust in the Wind.pdf,2018-08-08 21:41:11
Danny's Song,Kenny Loggins,DANNY'S SONG,KENNY LOGGINS,/media/larry/data/music/tabs/Danny's Song.pdf,2018-08-08 21:43:11
Lucille,Kenny Rogers,LUCILLE,KENNY ROGERS,/media/larry/data/music/tabs/Lucille.pdf,
Dancing in the Moonlight,King Harvest,DANCING IN THE MOONLIGHT,KING HARVEST,/media/larry/data/music/tabs/Dancing in the Moonlight.pdf,2018-07-28 19:37:24
Louie Louis,The Kingsmen,LOUIE LOUIS,KINGSMEN,/media/larry/data/music/tabs/Louie Louis.pdf,
Act Naturally,The Kinks,ACT NATURALLY,KINKS,/media/larry/data/music/tabs/Act Naturally.pdf,2019-02-03 17:18:03
Act Nice And Gentle,The Kinks,ACT NICE AND GENTLE,KINKS,/media/larry/data/music/tabs/Act Nice and Gentle.pdf,2018-12-28 13:40:13
All Day And All Of the Night,The Kinks,ALL DAY AND ALL OF THE NIGHT,KINKS,/media/larry/data/music/tabs/All Day and All of the Night.pdf,
Sunny Afternoon,The Kinks,SUNNY AFTERNOON,KINKS,/media/larry/data/music/tabs/Sunny Afternoon.pdf,2015-05-18 09:02:15
Kashmir,Led Zeppelin,KASHMIR,LED ZEPPELIN,/media/larry/data/music/tabs/Kashmir.pdf,2018-03-02 22:29:26
Over the Hills and Far Away,Led Zeppelin,OVER THE HILLS AND FAR AWAY,LED ZEPPELIN,/media/larry/data/music/tabs/Over the Hills and Far Away.pdf,2018-07-28 20:15:18
Thank You,Led Zeppelin,THANK YOU,LED ZEPPELIN,/media/larry/data/music/tabs/Thank You.pdf,2018-07-11 21:26:36
Radio Hula,Ledward Kaapana,RADIO HULA,LEDWARD KAAPANA,/media/larry/data/music/tabs/Radio Hula.pdf,2018-09-28 20:58:00
Walk Away Renee,The Left Banke,WALK AWAY RENEE,LEFT BANKE,/media/larry/data/music/tabs/Walk Away Renee.pdf,2015-10-30 22:50:46
The Auctioneer,Leroy Van Dyke,AUCTIONEER,LEROY VAN DYKE,/media/larry/data/music/tabs/The Auctioneer.pdf,2018-10-28 19:03:30
When Will I be Loved,Linda Ronstadt,WHEN WILL I BE LOVED,LINDA RONSTADT,/media/larry/data/music/tabs/When Will I Be Loved.pdf,2018-09-22 19:58:16
Holiday Road,Lindsay Buckingham,HOLIDAY ROAD,LINDSAY BUCKINGHAM,/media/larry/data/music/tabs/Holiday Road.pdf,2018-08-04 21:32:58
Stuck on You,Lionel Richie,STUCK ON YOU,LIONEL RICHIE,/media/larry/data/music/tabs/Stuck On You.pdf,2018-11-24 09:43:31
The Loco-Motion,Little Eva,LOCO-MOTION,LITTLE EVA,/media/larry/data/music/tabs/The Loco-Motion.pdf,2017-05-30 20:53:17
Daydream,Lovin' Spoonful,DAYDREAM,LOVIN' SPOONFUL,/media/larry/data/music/tabs/Daydream.pdf,2016-12-27 19:09:59
Did You Ever Have To Make Up Your Mind,Lovin' Spoonful,DID YOU EVER HAVE TO MAKE UP YOUR MIND,LOVIN' SPOONFUL,/media/larry/data/music/tabs/Did You Ever Have to Make Up Your Mind.pdf,2018-02-19 14:10:10
Summer In the City,Lovin' Spoonful,SUMMER IN THE CITY,LOVIN' SPOONFUL,/media/larry/data/music/tabs/Summer in the City.pdf,2014-07-14 23:24:18
Cannibals,Mark Knopfler,CANNIBALS,MARK KNOPFLER,/media/larry/data/music/tabs/Cannibals.pdf,2016-08-01 21:37:12
Someday Someway,Marshall Crenshaw,SOMEDAY SOMEWAY,MARSHALL CRENSHAW,/media/larry/data/music/tabs/Someday Someway.pdf,2018-11-24 09:07:30
Heard it in a Love Song,The Marshall Tucker Band,HEARD IT IN A LOVE SONG,MARSHALL TUCKER BAND,/media/larry/data/music/tabs/Heard it in a Love Song.pdf,2018-07-29 19:57:53
Echo Beach,Martha and the Muffins,ECHO BEACH,MARTHA AND THE MUFFINS,/media/larry/data/music/tabs/Echo Beach.pdf,2018-11-30 23:10:29
El Paso,Marty Robbins,EL PASO,MARTY ROBBINS,/media/larry/data/music/tabs/El Paso.pdf,2018-02-10 17:42:22
As Years Go By,Mashmakhan,AS YEARS GO BY,MASHMAKHAN,/media/larry/data/music/tabs/As Years Go By.pdf,2018-05-15 22:27:28
Down Under,Men at Work,DOWN UNDER,MEN AT WORK,/media/larry/data/music/tabs/Down Under.pdf,2018-11-30 23:05:37
Overkill,Men at Work,OVERKILL,MEN AT WORK,/media/larry/data/music/tabs/Overkill.pdf,2018-11-30 23:04:01
Wildfire,Michael Martin Murphy,WILDFIRE,MICHAEL MARTIN MURPHY,/media/larry/data/music/tabs/Wildfire.pdf,2016-06-24 21:53:02
Java,Miscellaneous,JAVA,MISCELLANEOUS,/media/larry/data/music/tabs/Java.pdf,2018-07-22 22:14:12
Take Me Out To the Ball Game,Miscellaneous,TAKE ME OUT TO THE BALL GAME,MISCELLANEOUS,/media/larry/data/music/tabs/Take Me Out to the Ball Game.pdf,
Melt With You,Modern English,MELT WITH YOU,MODERN ENGLISH,/media/larry/data/music/tabs/Melt With You.pdf,2018-11-30 23:01:02
Daydream Believer,The Monkees,DAYDREAM BELIEVER,MONKEES,/media/larry/data/music/tabs/Daydream Believer.pdf,2017-05-19 21:31:42
I'm a Believer,The Monkees,I'M A BELIEVER,MONKEES,/media/larry/data/music/tabs/I'm a Believer.pdf,2018-07-10 21:41:44
Last Train To Clarksville,The Monkees,LAST TRAIN TO CLARKSVILLE,MONKEES,/media/larry/data/music/tabs/Last Train to Clarksville.pdf,2018-07-22 22:10:38
Pleasant Valley Sunday,The Monkees,PLEASANT VALLEY SUNDAY,MONKEES,/media/larry/data/music/tabs/Pleasant Valley Sunday.pdf,2018-07-22 22:05:30
The Book Of Love,The Monotones,BOOK OF LOVE,MONOTONES,/media/larry/data/music/tabs/The Book of Love.pdf,2017-10-18 22:49:43
Nights in White Satin,The Moody Blues,NIGHTS IN WHITE SATIN,MOODY BLUES,/media/larry/data/music/tabs/Nights in White Satin.pdf,
Only The Lonely,The Motels,ONLY THE LONELY,MOTELS,/media/larry/data/music/tabs/Only the Lonely(Motels).pdf,2018-11-30 22:58:19
Forever in Blue Jeans,Neil Diamond,FOREVER IN BLUE JEANS,NEIL DIAMOND,/media/larry/data/music/tabs/Forever in Blue Jeans.pdf,2018-07-10 22:12:10
Mr Bojangles,Neil Diamond,MR BOJANGLES,NEIL DIAMOND,/media/larry/data/music/tabs/Mr Bojangles.pdf,2017-05-19 22:24:51
Solitary Man,Neil Diamond,SOLITARY MAN,NEIL DIAMOND,/media/larry/data/music/tabs/Solitary Man.pdf,2018-07-10 22:09:50
Song Sung Blue,Neil Diamond,SONG SUNG BLUE,NEIL DIAMOND,/media/larry/data/music/tabs/Song Sung Blue.pdf,2018-07-10 22:12:06
Sweet Caroline,Neil Diamond,SWEET CAROLINE,NEIL DIAMOND,/media/larry/data/music/tabs/Sweet Caroline.pdf,2017-05-19 22:29:01
After the Gold Rush,Neil Young,AFTER THE GOLD RUSH,NEIL YOUNG,/media/larry/data/music/tabs/After the Gold Rush.pdf,2018-07-08 12:47:14
Harvest,Neil Young,HARVEST,NEIL YOUNG,/media/larry/data/music/tabs/Harvest.pdf,2018-11-09 21:47:41
Heart of Gold,Neil Young,HEART OF GOLD,NEIL YOUNG,/media/larry/data/music/tabs/Heart of Gold.pdf,2018-11-09 21:38:34
Long May You Run,Neil Young,LONG MAY YOU RUN,NEIL YOUNG,/media/larry/data/music/tabs/Long May You Run.pdf,2018-11-09 21:57:47
Old Man,Neil Young,OLD MAN,NEIL YOUNG,/media/larry/data/music/tabs/Old Man.pdf,2018-11-09 21:50:02
Powderfinger,Neil Young,POWDERFINGER,NEIL YOUNG,/media/larry/data/music/tabs/Powderfinger.pdf,2018-11-09 21:42:28
Cruel To Be Kind,Nick Lowe,CRUEL TO BE KIND,NICK LOWE,/media/larry/data/music/tabs/Cruel to be Kind.pdf,2016-10-09 19:23:11
One Tin Soldier,The Original Caste,ONE TIN SOLDIER,ORIGINAL CASTE,/media/larry/data/music/tabs/One Tin Soldier.pdf,
Still the One,Orleans,STILL THE ONE,ORLEANS,/media/larry/data/music/tabs/Still the One.pdf,2018-08-04 21:23:18
There Goes Another Love Song,The Outlaws,THERE GOES ANOTHER LOVE SONG,OUTLAWS,/media/larry/data/music/tabs/There Goes Another Love Song.pdf,2018-06-16 23:02:25
I Think I Love You,The Partridge Family,I THINK I LOVE YOU.PDF,PARTRIDGE FAMILY,/media/larry/data/music/tabs/I Think I Love You.pdf,2018-11-09 23:01:48
I Woke Up in Love This Morning,The Partridge Family,I WOKE UP IN LOVE THIS MORNING,PARTRIDGE FAMILY,/media/larry/data/music/tabs/I Woke Up in Love This Morning.pdf,2018-07-02 19:47:28
Kodachrome,Paul Simon,KODACHROME,PAUL SIMON,/media/larry/data/music/tabs/Kodachrome.pdf,2018-07-29 19:57:03
Slip Sliding Away,Paul Simon,SKIP SLIDING AWAY,PAUL SIMON,/media/larry/data/music/tabs/Slip Sliding Away.pdf,2018-08-04 21:32:15
Baby I Love Your Way,Peter Frampton,BABY I LOVE YOUR WAY,PETER FRAMPTON,/media/larry/data/music/tabs/Baby I Love Your Way.pdf,2018-09-21 20:19:58
Show Me the Way,Peter Frampton,SHOW ME THE WAY,PETER FRAMPTON,/media/larry/data/music/tabs/Show Me the Way.pdf,
Solsbury Hill,Peter Gabriel,SOLSBURY HILL,PETER GABRIEL,/media/larry/data/music/tabs/Solsbury Hill.pdf,2019-01-08 19:04:44
Wish You Were Here,Pink Floyd,WISH YOU WERE HERE,PINK FLOYD,/media/larry/data/music/tabs/Wish You Were Here.pdf,2018-08-19 17:57:45
Crazy Love,Poco,CRAZY LOVE,POCO,/media/larry/data/music/tabs/Crazy Love.pdf,2018-09-28 20:03:40
Heart Of the Night,Poco,HEART OF THE NIGHT,POCO,/media/larry/data/music/tabs/Heart of the Night.pdf,2018-07-29 19:45:44
Da Do Do Do Da Da Da Da,The Police,DA DO DO DO DA DA DA DA,POLICE,/media/larry/data/music/tabs/Da Do Do Do Da Da Da Da.pdf,2018-06-03 15:56:19
Every Little Thing She Does Is Magic,The Police,EVERY LITTLE THING SHE DOES IS MAGIC,POLICE,/media/larry/data/music/tabs/Every Little Thing She Does is Magic.pdf,2018-07-11 13:49:24
Walking On the Moon,The Police,WALKING ON THE MOON,POLICE,/media/larry/data/music/tabs/Walking on the Moon.pdf,2016-10-22 14:48:15
Wrapped Around Your Finger,The Police,WRAPPED AROUND YOUR FINGER,POLICE,/media/larry/data/music/tabs/Wrapped Around Your Finger.pdf,2018-07-01 20:51:25
Doin' it Right,Powder Blues Band,DOIN IT RIGHT,POWDER BLUES BAND,/media/larry/data/music/tabs/Doin it Right.pdf,2018-07-29 17:32:19
Back on the Chain Gang,The Pretenders,BACK ON THE CHAIN GANG,PRETENDERS,/media/larry/data/music/tabs/Back on the Chain Gang.pdf,2018-12-28 14:21:53
I'm Gonna Be,The Proclaimers,I'M GONNA BE,PROCLAIMERS,/media/larry/data/music/tabs/I'm Gonna Be.pdf,2019-01-04 22:38:29
The Ghost In You,Psychedelic Furs,GHOST IN YOU,PSYCHEDELIC FURS,/media/larry/data/music/tabs/The Ghost in You.pdf,2018-11-30 22:09:32
Amie,Pure Prairie League,AMIE,PURE PRAIRIE LEAGUE,/media/larry/data/music/tabs/Amie.pdf,2018-11-30 22:04:50
39,Queen,39,QUEEN,/media/larry/data/music/tabs/39.pdf,2019-02-16 15:01:32
Crazy Little Thing Called Love,Queen,CRAZY LITTLE THING CALLED LOVE,QUEEN,/media/larry/data/music/tabs/Crazy Little Thing Called Love.pdf,2018-10-21 07:31:56
Driver 8,R.E.M.,DRIVER 8,R.E.M.,/media/larry/data/music/tabs/Driver 8.pdf,2017-07-15 15:23:22
Fall On Me,R.E.M.,FALL ON ME,R.E.M.,/media/larry/data/music/tabs/Fall On Me.pdf,2017-05-12 22:38:18
So Central Rain,R.E.M.,SO CENTRAL RAIN,R.E.M.,/media/larry/data/music/tabs/So Central Rain.pdf,2016-09-05 21:43:33
Lunatic Fringe,Red Ryder,LUNATIC FRINGE,RED RYDER,/media/larry/data/music/tabs/Lunatic Fringe.pdf,2018-07-10 22:21:07
Take It On the Run,REO Speedwagen,TAKE IT ON THE RUN,REO SPEEDWAGEN,/media/larry/data/music/tabs/Take it on the Run.pdf,2019-01-04 22:45:53
La Bamba,Richie Valens,LA BAMBA,RICHIE VALENS,/media/larry/data/music/tabs/La Bamba.pdf,2016-07-09 23:35:25
Hello Mary Lou,Ricky Nelson,HELLO MARY LOU,RICKY NELSON,/media/larry/data/music/tabs/Hello Mary Lou.pdf,2018-09-16 21:27:59
What I Like About You,The Romantics,WHAT I LIKE ABOUT YOU,ROMANTICS,/media/larry/data/music/tabs/What I Like About You.pdf,2018-08-19 19:47:06
Pretty Woman (Oh),Roy Orbison,PRETTY WOMAN (OH),ROY ORBISON,/media/larry/data/music/tabs/Pretty Woman (Oh).pdf,
Soul Man,Sam and Dave,SOUL MAN,SAM AND DAVE,/media/larry/data/music/tabs/Soul Man.pdf,2018-07-10 22:22:03
Wooly Bully,Sam the Sham and the Pharoahs,WOOLY BULLY,SAM THE SHAM AND THE PHAROAHS,/media/larry/data/music/tabs/Wooly Bully.pdf,2018-06-03 17:25:31
Evil Ways,Santana,EVIL WAYS,SANTANA,/media/larry/data/music/tabs/Evil Ways.pdf,
Oye Como Va,Santana,OYE COMO VA,SANTANA,/media/larry/data/music/tabs/Oye Como Va.pdf,2015-03-15 13:00:47
The Hippy Hippy Shake,The Screaming Blue Jeans,HIPPY HIPPY SHAKE,SCREAMING BLUE JEANS,/media/larry/data/music/tabs/The Hippy Hippy Shake.pdf,
Summer Breeze,Seals and Crofts,SUMMER BREEZE,SEALS AND CROFTS,/media/larry/data/music/tabs/Summer Breeze.pdf,2018-09-22 20:15:58
The 59th Street Bridge Song,Simon and Garfunkel,59TH STREET BRIDGE SONG,SIMON AND GARFUNKEL,/media/larry/data/music/tabs/The 59th Street Bridge Song.pdf,2018-12-28 13:17:56
America,Simon and Garfunkel,AMERICA,SIMON AND GARFUNKEL,/media/larry/data/music/tabs/America.pdf,2019-02-03 23:03:27
Bookends,Simon and Garfunkel,BOOKENDS,SIMON AND GARFUNKEL,/media/larry/data/music/tabs/Bookends.pdf,2018-12-28 14:38:25
The Boxer,Simon and Garfunkel,BOXER,SIMON AND GARFUNKEL,/media/larry/data/music/tabs/The Boxer.pdf,2018-05-15 22:34:34
Me And Julio Down By the Schoolyard,Simon and Garfunkel,ME AND JULIO DOWN BY THE SCHOOLYARD,SIMON AND GARFUNKEL,/media/larry/data/music/tabs/Me and Julio Down By the Schoolyard.pdf,2017-05-12 22:08:16
Mrs Robinson,Simon and Garfunkel,MRS ROBINSON,SIMON AND GARFUNKEL,/media/larry/data/music/tabs/Mrs Robinson.pdf,2018-06-03 17:02:06
Sound Of Silence,Simon and Garfunkel,SOUND OF SILENCE,SIMON AND GARFUNKEL,/media/larry/data/music/tabs/Sound of Silence.pdf,2018-06-22 19:04:36
Driver's Seat,Sniff & The Tears,DRIVER'S SEAT,SNIFF & THE TEARS,/media/larry/data/music/tabs/Driver's Seat.pdf,2018-08-08 21:27:27
The Shiek of Araby,Snyder/Smith/Wheeler,SHEIK OF ARABY,SNYDER/SMITH/WHEELER,/media/larry/data/music/tabs/The Sheik of Araby.pdf,2018-07-02 19:51:10
I Got You Babe,Sonny and Cher,I GOT YOU BABE,SONNY AND CHER,/media/larry/data/music/tabs/I Got You Babe.pdf,2018-07-02 19:54:07
Gimme Some Lovin,Spencer Davis Group,GIMME SOME LOVIN,SPENCER DAVIS GROUP,/media/larry/data/music/tabs/Gimme Some Lovin.pdf,2018-07-11 16:45:42
Two Princes,The Spin Doctors,TWO PRINCES,SPIN DOCTORS,/media/larry/data/music/tabs/Two Princes.pdf,2018-06-30 16:34:44
I Got You (Split Enz),Split Enz,I GOT YOU (SPLIT ENZ),SPLIT ENZ,/media/larry/data/music/tabs/I Got YouSplit Enz.pdf,2018-11-30 22:55:18
Old Emotions,The Spoons,OLD EMOTIONS,SPOONS,/media/larry/data/music/tabs/Old Emotions.pdf,2018-12-22 07:57:42
Romantic Traffic,The Spoons,ROMANTIC TRAFFIC,SPOONS,/media/larry/data/music/tabs/Romantic Traffic.pdf,2018-11-30 22:19:03
Pulling Mussels From a Shell,Squeeze,PULLING MUSSELS FROM A SHELL,SQUEEZE,/media/larry/data/music/tabs/Pulling Mussels From a Shell.pdf,2018-07-01 19:03:37
Sweet City Woman,The Stampeders,SWEET CITY WOMAN,STAMPEDERS,/media/larry/data/music/tabs/Sweet City Woman.pdf,2018-11-24 09:50:09
Pictures Of Matchstick Men,Status Quo,PICTURES OF MATCHSTICK MEN,STATUS QUO,/media/larry/data/music/tabs/Pictures of Matchstick Men.pdf,2018-07-11 09:26:00
Stuck in the Middle With You,Steeler's Wheel,STUCK IN THE MIDDLE WITH YOU,STEELER'S WHEEL,/media/larry/data/music/tabs/Stuck in the Middle With You.pdf,2018-12-22 08:03:35
Dirty Work,Steely Dan,DIRTY WORK,STEELY DAN,/media/larry/data/music/tabs/Dirty Work.pdf,2018-07-15 14:04:19
Josie,Steely Dan,JOSIE,STEELY DAN,/media/larry/data/music/tabs/Josie.pdf,2017-05-06 19:39:42
Reelin In the Years,Steely Dan,REELIN IN THE YEARS,STEELY DAN,/media/larry/data/music/tabs/Reelin in the Years.pdf,2014-06-30 18:47:12
On And On,Stephen Bishop,ON AND ON,STEPHEN BISHOP,/media/larry/data/music/tabs/On and On.pdf,2018-11-30 22:57:48
Romeo's Tune,Steve Forbert,ROMEOS TUNE,STEVE FORBERT,/media/larry/data/music/tabs/Romeos Tune.pdf,2019-01-05 23:17:22
Dance Dance Dance,The Steve Miller Band,DANCE DANCE DANCE,STEVE MILLER BAND,/media/larry/data/music/tabs/Dance Dance Dance.pdf,2018-09-28 19:58:33
Jet Airliner,The Steve Miller Band,JET AIRLINER,STEVE MILLER BAND,/media/larry/data/music/tabs/Jet Airliner.pdf,2018-08-25 12:01:23
Rock N Me,The Steve Miller Band,ROCK N ME,STEVE MILLER BAND,/media/larry/data/music/tabs/Rock N Me.pdf,2018-07-22 21:38:15
Swingtown,The Steve Miller Band,SWINGTOWN,STEVE MILLER BAND,/media/larry/data/music/tabs/Swingtown.pdf,2018-07-22 21:22:37
True Fine Love,The Steve Miller Band,TRUE FINE LOVE,STEVE MILLER BAND,/media/larry/data/music/tabs/True Fine Love.pdf,2018-07-22 21:40:17
Leather And Lace,Stevie Nicks and Don Henley,LEATHER AND LACE,STEVIE NICKS AND DON HENLEY,/media/larry/data/music/tabs/Leather and Lace.pdf,2018-11-30 22:51:37
Sir Duke,Stevie Wonder,SIR DUKE,STEVIE WONDER,/media/larry/data/music/tabs/Sir Duke.pdf,2016-09-05 21:40:20
Superstition,Stevie Wonder,SUPERSTITION,STEVIE WONDER,/media/larry/data/music/tabs/Superstition.pdf,2018-11-24 09:32:35
Big Joe Mufferaw,Stompin' Tom Connors,BIG JOE MUFFERAW,STOMPIN' TOM CONNORS,/media/larry/data/music/tabs/Big Joe Mufferaw.pdf,2018-09-01 22:04:10
Bud the Spud,Stompin' Tom Connors,BUD THE SPUD,STOMPIN' TOM CONNORS,/media/larry/data/music/tabs/Bud the Spud.pdf,2018-11-04 08:06:22
The Hockey Song,Stompin' Tom Connors,HOCKEY SONG,STOMPIN' TOM CONNORS,/media/larry/data/music/tabs/The Hockey Song.pdf,2018-07-08 13:39:48
Moon Man Newfie,Stompin' Tom Connors,MOON MAN NEWFIE,STOMPIN' TOM CONNORS,/media/larry/data/music/tabs/Moon Man Newfie.pdf,2018-07-08 13:41:44
Sudbury Saturday Night,Stompin' Tom Connors,SUDBURY SATURDAY NIGHT,STOMPIN' TOM CONNORS,/media/larry/data/music/tabs/Sudbury Saturday Night.pdf,2018-07-08 13:37:04
Crystal Ball,Styx,CRYSTAL BALL,STYX,/media/larry/data/music/tabs/Crystal Ball.pdf,2016-10-09 22:34:20
Fooling Yourself,Styx,FOOLING YOURSELF,STYX,/media/larry/data/music/tabs/Fooling Yourself.pdf,2016-11-26 17:16:53
From Now On,Supertramp,FROM NOW ON,SUPERTRAMP,/media/larry/data/music/tabs/From Now On.pdf,2018-07-08 19:19:20
Give a Little Bit,Supertramp,GIVE A LITTLE BIT,SUPERTRAMP,/media/larry/data/music/tabs/Give a Little Bit.pdf,
School,Supertramp,SCHOOL,SUPERTRAMP,/media/larry/data/music/tabs/School.pdf,2017-11-19 00:05:56
Eye Of the Tiger,Survivor,EYE OF THE TIGER,SURVIVOR,/media/larry/data/music/tabs/Eye of the Tiger.pdf,2019-01-05 23:17:19
Luka,Suzanne Vega,LUKA,SUZANNE VEGA,/media/larry/data/music/tabs/Luka.pdf,2016-04-01 20:38:29
Outbound Plane,Suzy Boguss,OUTBOUND PLANE,SUZY BOGUSS,/media/larry/data/music/tabs/Outbound Plane.pdf,2014-07-05 08:35:40
It’s My Life,Talk Talk,IT’S MY LIFE,TALK TALK,/media/larry/data/music/tabs/It's My Life.pdf,2018-09-22 20:01:40
It’s My Life,Talk Talk,IT’S MY LIFE,TALK TALK,/media/larry/data/music/tabs/It's My Life.pdf,2018-11-30 22:33:19
Take Me To the River,The Talking Heads,TAKE ME TO THE RIVER,TALKING HEADS,/media/larry/data/music/tabs/Take Me to the River.pdf,2018-05-12 21:52:14
Everybody Wants to Rule the World,Tears for Fears,EVERYBODY WANTS TO RULE THE WORLD,TEARS FOR FEARS,/media/larry/data/music/tabs/Everybody Wants to Rule the World.pdf,2018-11-30 22:36:14
Seasons in the Sun,Terry Jacks,SEASONS IN THE SUN,TERRY JACKS,/media/larry/data/music/tabs/Seasons in the Sun.pdf,2019-01-05 23:14:41
Here Comes the Night,Them,HERE COMES THE NIGHT,THEM,/media/larry/data/music/tabs/Here Comes the Night.pdf,
The Boys Are Back In Town,Thin Lizzie,BOYS ARE BACK IN TOWN,THIN LIZZIE,/media/larry/data/music/tabs/The Boys are Back in Town.pdf,2018-06-30 15:30:25
One of our Submarines,Thomas Dolby,ONE OF OUR SUBMARINES,THOMAS DOLBY,/media/larry/data/music/tabs/One of Our Submarines.pdf,2019-01-04 22:59:21
Joy To the World,Three Dog Night,JOY TO THE WORLD,THREE DOG NIGHT,/media/larry/data/music/tabs/Joy to the World.pdf,2016-09-10 20:30:27
Shambala,Three Dog Night,SHAMBALA,THREE DOG NIGHT,/media/larry/data/music/tabs/Shambala.pdf,2018-09-22 19:00:28
Hello Its Me,Todd Rundgren,HELLO ITS ME,TODD RUNDGREN,/media/larry/data/music/tabs/Hello Its Me.pdf,2018-05-21 08:58:04
I Saw the Light,Todd Rundgren,I SAW THE LIGHT,TODD RUNDGREN,/media/larry/data/music/tabs/I Saw the Light.pdf,2018-05-21 09:02:27
The Lion Sleeps Tonight,The Tokens,LION SLEEPS TONIGHT,TOKENS,/media/larry/data/music/tabs/The Lion Sleeps Tonight.pdf,2018-05-19 22:27:31
Delilah,Tom Jones,DELILAH,TOM JONES,/media/larry/data/music/tabs/Delilah.pdf,2015-10-26 22:27:04
Breakdown,Tom Petty and the Heartbreakers,BREAKDOWN,TOM PETTY AND THE HEARTBREAKERS,/media/larry/data/music/tabs/Breakdown.pdf,2017-11-19 00:01:07
The Waiting,Tom Petty and the Heartbreakers,WAITING,TOM PETTY AND THE HEARTBREAKERS,/media/larry/data/music/tabs/The Waiting.pdf,2018-11-30 19:41:49
Draggin the Line,Tommy James and the Shondells,DRAGGIN THE LINE,TOMMY JAMES AND THE SHONDELLS,/media/larry/data/music/tabs/Draggin the Line.pdf,2016-10-02 19:01:33
End Of the Line,The Travelling Wilburys,END OF THE LINE,TRAVELLING WILBURYS,/media/larry/data/music/tabs/End of the Line.pdf,2017-07-22 17:21:26
You Got It,The Travelling Wilburys,YOU GOT IT,TRAVELLING WILBURYS,/media/larry/data/music/tabs/You Got It.pdf,
Happy Together,The Turtles,HAPPY TOGETHER,TURTLES,/media/larry/data/music/tabs/Happy Together.pdf,2017-04-30 20:32:33
The Banana Splits,TV Theme,BANANA SPLITS,TV THEME,/media/larry/data/music/tabs/The Banana Splits.pdf,
Gilligans Island,TV Theme,GILLIGANS ISLAND,TV THEME,/media/larry/data/music/tabs/Gilligans Island.pdf,2019-01-03 23:07:31
Green Acres,TV Theme,GREEN ACRES,TV THEME,/media/larry/data/music/tabs/Green Acres.pdf,2015-01-03 22:04:04
Hawaii 5-O,TV Theme,HAWAII 5-O,TV THEME,/media/larry/data/music/tabs/Hawaii 5-O.pdf,2018-08-19 21:52:28
Motel 6,TV Theme,MOTEL 6,TV THEME,/media/larry/data/music/tabs/Motel 6.pdf,2018-11-30 21:25:54
Sponge Bob Squarepants Ending,TV Theme,SPONGE BOB SQUAREPANTS ENDING,TV THEME,/media/larry/data/music/tabs/Sponge Bob Squarepants Ending.pdf,2018-07-01 21:02:37
Where Everybody Knows Your Name,TV Theme,WHERE EVERYBODY KNOWS YOUR NAME,TV THEME,/media/larry/data/music/tabs/Where Everybody Knows Your Name.pdf,2019-01-03 23:10:26
I Will Follow,U2,I WILL FOLLOW,U2,/media/larry/data/music/tabs/I Will Follow.pdf,2016-04-09 22:56:39
New Years Day,U2,NEW YEARS DAY,U2,/media/larry/data/music/tabs/New Years Day.pdf,2018-07-28 20:15:12
Pride (In the Name of Love),U2,PRIDE (IN THE NAME OF LOVE),U2,/media/larry/data/music/tabs/Pride.pdf,2019-01-04 23:06:59
Where the Streets Have No Name,U2,WHERE THE STREETS HAVE NO NAME,U2,/media/larry/data/music/tabs/Where the Streets Have No Name.pdf,2018-11-30 21:29:41
Take On Me,Uh-Huh,TAKE ON ME,UH-HUH,/media/larry/data/music/tabs/Take on Me.pdf,2018-11-30 22:46:00
Brown-Eyed Girl,Van Morrison,BROWN-EYED GIRL,VAN MORRISON,/media/larry/data/music/tabs/Brown-Eyed Girl.pdf,2018-08-19 21:34:17
Into the Mystic,Van Morrison,INTO THE MYSTIC,VAN MORRISON,/media/larry/data/music/tabs/Into the Mystic.pdf,2018-08-05 11:04:42
It Stoned Me,Van Morrison,IT STONED ME,VAN MORRISON,/media/larry/data/music/tabs/It Stoned Me.pdf,2018-06-16 20:27:00
Moondance,Van Morrison,MOONDANCE,VAN MORRISON,/media/larry/data/music/tabs/Moondance.pdf,2017-07-15 20:11:09
Turning Japanese,The Vapors,TURNING JAPANESE,VAPORS,/media/larry/data/music/tabs/Turning Japanese.pdf,2016-10-29 21:21:49
Five O'Clock World,The Vogues,FIVE O'CLOCK WORLD,VOGUES,/media/larry/data/music/tabs/Five O'Clock World.pdf,2019-01-05 22:30:29
The Log Driver's Waltz,Wade Hemsworth,LOG DRIVER'S WALTZ,WADE HEMSWORTH,/media/larry/data/music/tabs/The Log Driver's Waltz.pdf,2016-07-09 23:59:21
Magnet and Steel,Walter Egan,MAGNET AND STEEL,WALTER EGAN,/media/larry/data/music/tabs/Magnet and Steel.pdf,2018-07-10 21:34:28
The Kids Are Alright,The Who,KIDS ARE ALRIGHT,WHO,/media/larry/data/music/tabs/The Kids are Alright.pdf,2017-10-18 22:51:03
Magic Bus,The Who,MAGIC BUS,WHO,/media/larry/data/music/tabs/Magic Bus.pdf,2019-01-04 23:20:08
Pinball Wizard,The Who,PINBALL WIZARD,WHO,/media/larry/data/music/tabs/Pinball Wizard.pdf,2014-09-30 22:37:34
Squeezebox,The Who,SQUEEZEBOX,WHO,/media/larry/data/music/tabs/Squeezebox.pdf,2017-10-18 22:53:17
Another Day,Wings,ANOTHER DAY,WINGS,/media/larry/data/music/tabs/Another Day.pdf,2018-09-28 19:15:31
Band On the Run,Wings,BAND ON THE RUN,WINGS,/media/larry/data/music/tabs/Band on the Run.pdf,2019-01-03 22:55:08
Jet,Wings,JET,WINGS,/media/larry/data/music/tabs/Jet.pdf,2016-11-26 17:41:57
Juniors Farm,Wings,JUNIORS FARM,WINGS,/media/larry/data/music/tabs/Juniors Farm.pdf,2016-11-26 17:25:38
Mull Of Kintyre,Wings,MULL OF KINTYRE,WINGS,/media/larry/data/music/tabs/Mull of Kintyre.pdf,2017-04-30 20:31:59
If I Only Had a Brain,Wizard of Oz,IF I ONLY HAD A BRAIN,WIZARD OF OZ,/media/larry/data/music/tabs/If I Only Had a Brain.pdf,2018-11-11 15:31:20
Bad Connection,Yazoo,BAD CONNECTION,YAZOO,/media/larry/data/music/tabs/Bad Connection.pdf,2018-06-23 11:43:47
She's Not there,The Zombies,SHE'S NOT THERE,ZOMBIES,/media/larry/data/music/tabs/She's Not There.pdf,2018-11-24 09:23:42
Time Of the Season,The Zombies,TIME OF THE SEASON,ZOMBIES,/media/larry/data/music/tabs/Time of the Season.pdf,2018-09-22 20:01:32
